id,nome,email,telefone
1,Ana Souza,ana.souza@email.com,31987654321
2,Bruno Lima,bruno.lima@email.com,31976543210
3,Carla Mendes,carla.mendes@email.com,31965432109
4,Diego Alves,diego.alves@email.com,31954321098
5,Fernanda Rocha,fernanda.rocha@email.com,31943210987
6,Gabriel Martins,gabriel.martins@email.com,31932109876
7,Helena Costa,helena.costa@email.com,31921098765
8,Lucas Ribeiro,lucas.ribeiro@email.com,31910987654
9,Mariana Gomes,mariana.gomes@email.com,31909876543
10,Rafael Oliveira,rafael.oliveira@email.com,31998761234
